true_label,bio_attraction,bio_avoidance,bio_stress,bio_metabolic_shift
environmental_hazard,0.05037765534598658,0.9901496213658036,0.8427334674244289,0.3113032381208851
food_spoilage,0.5788427632459953,0.4801607941288533,0.38577285913485554,0.29962321423938043
infection_like_voc,0.5212981780920475,0.5150228329124542,0.41342682234764466,0.32709397927669165
safe_background,0.7372673080448241,0.22073835032485525,0.1649017623875239,0.21472384434474723
