,precision,recall,f1-score,support
environmental_hazard,1.0,1.0,1.0,163.0
food_spoilage,0.975609756097561,0.9876543209876543,0.9815950920245399,162.0
infection_like_voc,0.9875,0.9693251533742331,0.978328173374613,163.0
safe_background,0.9877300613496932,0.9938271604938271,0.9907692307692307,162.0
accuracy,0.9876923076923076,0.9876923076923076,0.9876923076923076,0.9876923076923076
macro avg,0.9877099543618135,0.9877016587139286,0.987673124042096,650.0
weighted avg,0.9877285391176233,0.9876923076923076,0.9876777116194657,650.0
