{
  "accuracy": 0.9876923076923076,
  "balanced_accuracy": 0.9877016587139286,
  "macro_f1": 0.987673124042096
}